"","knn","nb","dt","rf","svc","perf","dataset"
"1",0.68474314407107,0.724140594824257,0.698957126303592,0.816724604094245,0.823406720741599,"mean","dataset1"
"2",0.0151294653172752,0.0151355845787056,0.0136475415774022,0.0114713617683381,0.0100953169247141,"sd","dataset1"
"3",0.683661645422943,0.721900347624565,0.696407879490151,0.815758980301275,0.825028968713789,"media","dataset1"
"4",0.679953650057937,0.730590961761298,0.70324449594438,0.821591348010815,0.813557358053302,"mean","dataset2"
"5",0.0203140859641691,0.0140235155080527,0.0191694736221825,0.0161466221939866,0.0142741773047002,"sd","dataset2"
"6",0.68018539976825,0.729432213209734,0.708574739281576,0.823870220162225,0.813441483198146,"media","dataset2"
"7",0.733565083043646,0.716415604480494,0.687717265353418,0.755697180378525,0.765237543453071,"mean","dataset3"
"8",0.0149074991093745,0.0161019713140819,0.0161043194029364,0.0135100730109952,0.0152867605373627,"sd","dataset3"
"9",0.734646581691773,0.718424101969872,0.684820393974508,0.754924681344148,0.764774044032445,"media","dataset3"
